<?xml version="1.0"?>
<qos>
	<platform>GRX500</platform>
	<ifcategory ifcat_count="9"> <!-- List of broadly classified interface categories -->
		<ifcat ifcat_id="0">ETHLAN</ifcat>
		<ifcat ifcat_id="1">ETHWAN</ifcat>
		<ifcat ifcat_id="2">PTMWAN</ifcat>
		<ifcat ifcat_id="3">ATMWAN</ifcat>
		<ifcat ifcat_id="4">LTEWAN</ifcat>
		<ifcat ifcat_id="5">WLANDP</ifcat>
		<ifcat ifcat_id="6">WLANNDP</ifcat>
		<ifcat ifcat_id="7">LOCAL</ifcat>
		<ifcat ifcat_id="8">CPU</ifcat>
	</ifcategory>
	<engines engines_count="4"> <!-- List of available engines in the system, readonly setcion? engine selection logic depends on CPU location in slow dp-->
		<engine  engine_id="1">PPA</engine>
		<engine  engine_id="6">CPU-I</engine>
		<engine  engine_id="7">CPU-N</engine>
		<engine  engine_id="8">CPU-DP</engine>
	</engines>
	<datapath-type> <!-- Various types of datapath in the system, readonly setcion? -->
		<dp-type dptype_id="1">slow</dp-type>
		<dp-type dptype_id="2">swfp</dp-type>
		<dp-type dptype_id="3">ppafp</dp-type>
		<dp-type dptype_id="4">ppadp</dp-type>
		<dp-type dptype_id="5">ppadl</dp-type>
		<dp-type dptype_id="6">bridge</dp-type>
	</datapath-type>
	<interfaces> <!-- List of available interface types in the system (we should have inetraces from list of available inetrfaces only as we maintain a static mapping b/w inetrface and inetrface type in the code. 
	thus we can have interfcae type as readonly section and an interface section) -->
		<interface iface_id="1">ETHLAN</interface>
		<interface iface_id="2">ETHWAN</interface>
		<interface iface_id="3">PTMWAN</interface>
		<interface iface_id="4">ATMWAN</interface>
		<interface iface_id="5">LTEWAN</interface>
		<interface iface_id="6">WLANDP</interface>
		<interface iface_id="7">WLANNDP</interface>
		<interface iface_id="8">LOCAL</interface>
		<interface iface_id="9">CPU</interface>
	</interfaces>
	<system-datapaths dp_count="23"> <!-- Possible datapaths in the system in terms of engine id's from engines node -->
		<datapath dp_id="1" dp_type="1">1,6,7,1</datapath> <!-- Eth LAN to DSL WAN -->
		<datapath dp_id="2" dp_type="2">1,6,7,1</datapath>
		<datapath dp_id="3" dp_type="3">1</datapath>
		<datapath dp_id="4" dp_type="6">1</datapath>
		<datapath dp_id="5" dp_type="1">1,6,7,1</datapath> <!-- Eth LAN to Eth WAN -->
		<datapath dp_id="6" dp_type="2">1,6,7,1</datapath>
		<datapath dp_id="7" dp_type="3">1</datapath>
		<datapath dp_id="8" dp_type="6">1,6,7,1</datapath>
		<datapath dp_id="9" dp_type="1">1,6,7,1</datapath> <!-- DSL WAN to Eth LAN -->
		<datapath dp_id="10" dp_type="2">1,6,7,1</datapath>
		<datapath dp_id="11" dp_type="3">1</datapath>
		<datapath dp_id="12" dp_type="6">1,6,7,1</datapath>
		<datapath dp_id="13" dp_type="1">1,6,7,1</datapath> <!-- Eth WAN to Eth LAN -->
		<datapath dp_id="14" dp_type="2">1,6,7,1</datapath>
		<datapath dp_id="15" dp_type="3">1</datapath>
		<datapath dp_id="16" dp_type="6">1,6,7,1</datapath>
		<datapath dp_id="17" dp_type="1">1,6,7</datapath> <!-- DSL WAN to LOCAL -->
		<datapath dp_id="18" dp_type="1">1,7</datapath> <!-- ETH WAN to LOCAL -->
		<datapath dp_id="19" dp_type="1">1,7</datapath> <!-- ETH LAN to LOCAL -->
		<datapath dp_id="20" dp_type="1">7,1</datapath> <!-- LOCAL to DSL WAN -->
		<datapath dp_id="21" dp_type="1">7,1</datapath> <!-- LOCAL to ETH WAN -->
		<datapath dp_id="22" dp_type="1">7,1</datapath> <!-- LOCAL to ETH LAN -->
		<datapath dp_id="23" dp_type="2">1</datapath> <!-- Eth LAN to Eth LAN -->
		<datapath dp_id="24" dp_type="1">1,6,7,1</datapath> <!-- DSL WAN to WLANDP -->
		<datapath dp_id="25" dp_type="3">1</datapath> <!-- DSL WAN to WLANDP -->
		<datapath dp_id="26" dp_type="1">1,6,7,1</datapath> <!-- ETH WAN to WLANDP -->
		<datapath dp_id="27" dp_type="3">1</datapath> <!-- ETH WAN to WLANDP -->
		<datapath dp_id="28" dp_type="1">1,6,7,1</datapath> <!-- ETH LAN to WLANDP -->
		<datapath dp_id="29" dp_type="3">1</datapath> <!-- ETH LAN to WLANDP -->
		<datapath dp_id="30" dp_type="1">1,6,7,1</datapath> <!-- WLANDP to DSL WAN -->
		<datapath dp_id="31" dp_type="3">1</datapath> <!-- WLANDP to DSL WAN -->
		<datapath dp_id="32" dp_type="1">1,6,7,1</datapath> <!-- WLANDP to ETH WAN -->
		<datapath dp_id="33" dp_type="3">1</datapath> <!-- WLANDP to ETH WAN -->
		<datapath dp_id="34" dp_type="1">1,6,7,1</datapath> <!-- WLANDP to ETH LAN -->
		<datapath dp_id="35" dp_type="3">1</datapath> <!-- WLANDP to ETH LAN -->
		<datapath dp_id="36" dp_type="1">1</datapath> <!-- CPU to ETHWAN -->
		<datapath dp_id="37" dp_type="1">1</datapath> <!-- CPU to ETHLAN -->
		<datapath dp_id="38" dp_type="1">1</datapath> <!-- CPU to WLANDP -->
		<datapath dp_id="39" dp_type="1">1</datapath> <!-- CPU to DSL WAN -->
		<datapath dp_id="40" dp_type="3">1</datapath> <!-- CPU to ETHWAN -->
		<datapath dp_id="41" dp_type="3">1</datapath> <!-- CPU to ETHLAN -->
		<datapath dp_id="42" dp_type="3">1</datapath> <!-- CPU to WLANDP -->
		<datapath dp_id="43" dp_type="3">1</datapath> <!-- CPU to DSL WAN -->
	</system-datapaths>
	<datapaths-bw-interfaces count="15"> <!-- datapaths between pair of interfaces in terms of datapath ids from system-datapath node -->
		<datapaths ingress="1" egress "1">23</datapaths> <!-- Eth LAN to ETH LAN -->
		<datapaths ingress="1" egress "2">5,6,7,8</datapaths> <!-- Eth LAN to Eth WAN -->
		<datapaths ingress="1" egress "3">1,2,3,4</datapaths> <!-- Eth LAN to PTM WAN -->
		<datapaths ingress="1" egress "4">1,2,3,4</datapaths> <!-- Eth LAN to ATM WAN -->
		<datapaths ingress="1" egress "8">19</datapaths> <!-- Eth LAN to LOCAL -->
		<datapaths ingress="2" egress "1">13,14,15,16</datapaths> <!-- Eth WAN to Eth LAN -->
		<datapaths ingress="2" egress "8">18</datapaths> <!-- Eth WAN to LOCAL -->
		<datapaths ingress="3" egress "1">9,10,11,12</datapaths> <!-- PTM WAN to Eth LAN -->
		<datapaths ingress="3" egress "8">17</datapaths> <!-- PTM WAN to LOCAL -->
		<datapaths ingress="4" egress "1">9,10,11,12</datapaths> <!-- ATM WAN to Eth LAN -->
		<datapaths ingress="4" egress "8">17</datapaths> <!-- ATM WAN to LOCAL -->
		<datapaths ingress="8" egress "2">21</datapaths> <!-- LOCAL to ETH WAN -->
		<datapaths ingress="8" egress "3">20</datapaths> <!-- LOCAL to PTM WAN -->
		<datapaths ingress="8" egress "4">20</datapaths> <!-- LOCAL to ATM WAN -->
		<datapaths ingress="8" egress "1">22</datapaths> <!-- LOCAL to ETH LAN -->
		<datapaths ingress="6" egress "4">30,31</datapaths> <!-- WLANDP to ATM WAN -->
		<datapaths ingress="6" egress "3">30,31</datapaths> <!-- WLANDP to PTM WAN -->
		<datapaths ingress="6" egress "2">32,33</datapaths> <!-- WLANDP to ETH WAN -->
		<datapaths ingress="6" egress "1">34,35</datapaths> <!-- WLANDP to ETH LAN -->
		<datapaths ingress="4" egress "6">24,25</datapaths> <!-- ATM WAN to WLANDP -->
		<datapaths ingress="3" egress "6">24,25</datapaths> <!-- PTM WAN to WLANDP -->
		<datapaths ingress="2" egress "6">26,27</datapaths> <!-- Eth WAN to WLANDP -->
		<datapaths ingress="1" egress "6">28,29</datapaths> <!-- Eth LAN to WLANDP -->
		<datapaths ingress="5" egress "1">34,35</datapaths> <!-- LTEWAN to ETH LAN -->
		<datapaths ingress="5" egress "6">26,27</datapaths> <!-- LTEWAN to WLANDP -->
		<datapaths ingress="1" egress "5">28,29</datapaths> <!-- Eth LAN to LTEWAN -->
		<datapaths ingress="6" egress "5">32,33</datapaths> <!-- WLANDP to LTEWAN -->
		<datapaths ingress="9" egress "2">36,40</datapaths> <!-- CPU to ETH WAN -->
		<datapaths ingress="9" egress "3">39,42</datapaths> <!-- CPU to PTM WAN -->
		<datapaths ingress="9" egress "4">39,42</datapaths> <!-- CPU to ATM WAN -->
		<datapaths ingress="9" egress "1">37,41</datapaths> <!-- CPU to ETH LAN -->
	</datapaths-bw-interfaces>
	<ifgroup inuse="1">
		<group id="0">br-lan,eth1,eth0_1,eth0_2,eth0_3,eth0_4,wlan0,wlan1</group>
	</ifgroup>
	<wmm-queues queues_count="8">
	</wmm-queues>
	<wmm-q1>
		<Name>wmm_queue_4</Name>
		<Queue_id>501</Queue_id>
		<Tc_map>4</Tc_map>
		<Priority>4</Priority>
		<Weight>5</Weight>
		<Sched>SP</Sched>
		<Interface>wlan0</Interface>
		<shaper_en>0</shaper_en>
	</wmm-q1>
	<wmm-q2>
		<Name>wmm_queue_3</Name>
		<Queue_id>502</Queue_id>
		<Tc_map>3</Tc_map>
		<Priority>3</Priority>
		<Weight>6</Weight>
		<Sched>SP</Sched>
		<Interface>wlan0</Interface>
		<shaper_en>0</shaper_en>
	</wmm-q2>
	<wmm-q3>
		<Name>wmm_queue_2</Name>
		<Queue_id>503</Queue_id>
		<Tc_map>2</Tc_map>
		<Priority>2</Priority>
		<Weight>7</Weight>
		<Sched>SP</Sched>
		<Interface>wlan0</Interface>
		<shaper_en>0</shaper_en>
	</wmm-q3>
	<wmm-q4>
		<Name>wmm_queue_1</Name>
		<Queue_id>504</Queue_id>
		<Tc_map>1</Tc_map>
		<Priority>1</Priority>
		<Weight>8</Weight>
		<Sched>SP</Sched>
		<Interface>wlan0</Interface>
		<shaper_en>0</shaper_en>
	</wmm-q4>
	<wmm-q5>
		<Name>wmm_queue_4</Name>
		<Queue_id>505</Queue_id>
		<Tc_map>4</Tc_map>
		<Priority>4</Priority>
		<Weight>5</Weight>
		<Sched>SP</Sched>
		<Interface>wlan2</Interface>
		<shaper_en>0</shaper_en>
	</wmm-q5>
	<wmm-q6>
		<Name>wmm_queue_3</Name>
		<Queue_id>506</Queue_id>
		<Tc_map>3</Tc_map>
		<Priority>3</Priority>
		<Weight>6</Weight>
		<Sched>SP</Sched>
		<Interface>wlan2</Interface>
		<shaper_en>0</shaper_en>
	</wmm-q6>
	<wmm-q7>
		<Name>wmm_queue_2</Name>
		<Queue_id>507</Queue_id>
		<Tc_map>2</Tc_map>
		<Priority>2</Priority>
		<Weight>7</Weight>
		<Sched>SP</Sched>
		<Interface>wlan2</Interface>
		<shaper_en>0</shaper_en>
	</wmm-q7>
	<wmm-q8>
		<Name>wmm_queue_1</Name>
		<Queue_id>508</Queue_id>
		<Tc_map>1</Tc_map>
		<Priority>1</Priority>
		<Weight>8</Weight>
		<Sched>SP</Sched>
		<Interface>wlan2</Interface>
		<shaper_en>0</shaper_en>
	</wmm-q8>
	<dos-queues queues_count="3">
	</dos-queues>
	<dos-q1>
		<Name>dos_queue_1</Name>
		<Queue_id>601</Queue_id>
		<Tc_map>1</Tc_map>
		<Priority>1</Priority>
		<Weight>33</Weight>
		<Sched>WFQ</Sched>
		<Interface>lo</Interface>
		<shaper_en>0</shaper_en>
		<Ingress_group>3</Ingress_group>
	</dos-q1>
	<dos-q2>
		<Name>dos_queue_2</Name>
		<Queue_id>602</Queue_id>
		<Tc_map>2</Tc_map>
		<Priority>2</Priority>
		<Weight>33</Weight>
		<Sched>WFQ</Sched>
		<Interface>lo</Interface>
		<shaper_en>0</shaper_en>
		<Ingress_group>3</Ingress_group>
	</dos-q2>
	<dos-q3>
		<Name>dos_queue_3</Name>
		<Queue_id>603</Queue_id>
		<Tc_map>3</Tc_map>
		<Priority>3</Priority>
		<Weight>33</Weight>
		<Sched>WFQ</Sched>
		<Interface>lo</Interface>
		<shaper_en>0</shaper_en>
		<Ingress_group>3</Ingress_group>
		<RedThreshold>0</RedThreshold>
	</dos-q3>
	<dos-meters meter_count="1">
	</dos-meters>
	<dos-mtr1>
		<Mode>0</Mode>
		<Enable>1</Enable>
		<CIR>1000</CIR>
		<PIR>1000</PIR>
		<CBS>800</CBS>
		<PBS>800</PBS>
		<MeterID>33</MeterID>
	</dos-mtr1>
	<dos-classifiers classifier_count="10">
	</dos-classifiers>
	<dos-cl1>
		<Name>LCP</Name>
		<Order>1</Order>
		<TrafficClass>2</TrafficClass>
		<Prio>2</Prio>
		<Interface>eth1</Interface>
		<IfaceCat>1</IfaceCat>
		<QInterface>lo</QInterface>
		<IngressGrp>3</IngressGrp>
		<PPP_Protocol>LCP</PPP_Protocol>
		<CPUpacket>1</CPUpacket>
	</dos-cl1>
	<dos-cl2>
		<Name>HTTP</Name>
		<Order>2</Order>
		<TrafficClass>2</TrafficClass>
		<Prio>2</Prio>
		<Interface>br-lan</Interface>
		<IfaceCat>0</IfaceCat>
		<QInterface>lo</QInterface>
		<IngressGrp>3</IngressGrp>
		<Protocol>2</Protocol>
		<DstPorts>80:80</DstPorts>
	</dos-cl2>
	<dos-cl3>
		<Name>HTTPS</Name>
		<Order>3</Order>
		<TrafficClass>2</TrafficClass>
		<Prio>2</Prio>
		<Interface>br-lan</Interface>
		<IfaceCat>0</IfaceCat>
		<QInterface>lo</QInterface>
		<IngressGrp>3</IngressGrp>
		<Protocol>2</Protocol>
		<DstPorts>443:443</DstPorts>
	</dos-cl3>
	<dos-cl4>
		<Name>ACS</Name>
		<Order>4</Order>
		<TrafficClass>2</TrafficClass>
		<Prio>2</Prio>
		<Interface>eth1</Interface>
		<IfaceCat>1</IfaceCat>
		<QInterface>lo</QInterface>
		<IngressGrp>3</IngressGrp>
		<Protocol>2</Protocol>
		<SrcIP>6.0.0.5</SrcIP>
		<SrcIP_Mask>255.255.255.255</SrcIP_Mask>
		<CPUpacket>1</CPUpacket>
	</dos-cl4>
	<dos-cl5>
		<Name>IGMP</Name>
		<Order>5</Order>
		<TrafficClass>3</TrafficClass>
		<Prio>3</Prio>
		<Interface>br-lan</Interface>
		<IfaceCat>0</IfaceCat>
		<QInterface>lo</QInterface>
		<IngressGrp>3</IngressGrp>
		<Protocol>4</Protocol>
		<MeterID>33</MeterID>
	</dos-cl5>
	<dos-cl6>
		<Name>ICMP</Name>
		<Order>6</Order>
		<TrafficClass>3</TrafficClass>
		<Prio>3</Prio>
		<Interface>br-lan</Interface>
		<IfaceCat>0</IfaceCat>
		<QInterface>lo</QInterface>
		<IngressGrp>3</IngressGrp>
		<Protocol>1</Protocol>
		<MeterID>33</MeterID>
		<CPUpacket>1</CPUpacket>
	</dos-cl6>
	<dos-cl7>
		<Name>DNSquery</Name>
		<Order>7</Order>
		<TrafficClass>3</TrafficClass>
		<Prio>3</Prio>
		<Interface>br-lan</Interface>
		<IfaceCat>0</IfaceCat>
		<QInterface>lo</QInterface>
		<IngressGrp>3</IngressGrp>
		<Protocol>3</Protocol>
		<DstPorts>53:53</DstPorts>
		<CPUpacket>1</CPUpacket>
	</dos-cl7>
	<dos-cl8>
		<Name>DNSresp</Name>
		<Order>8</Order>
		<TrafficClass>3</TrafficClass>
		<Prio>3</Prio>
		<Interface>br-lan</Interface>
		<IfaceCat>0</IfaceCat>
		<QInterface>lo</QInterface>
		<IngressGrp>3</IngressGrp>
		<Protocol>3</Protocol>
		<SrcPorts>53:53</SrcPorts>
		<CPUpacket>1</CPUpacket>
	</dos-cl8>
	<dos-cl9>
		<Name>DHCP</Name>
		<Order>9</Order>
		<TrafficClass>3</TrafficClass>
		<Prio>3</Prio>
		<Interface>br-lan</Interface>
		<IfaceCat>0</IfaceCat>
		<QInterface>lo</QInterface>
		<IngressGrp>3</IngressGrp>
		<Protocol>3</Protocol>
		<SrcPorts>67:68</SrcPorts>
		<DstPorts>67:68</DstPorts>
		<CPUpacket>1</CPUpacket>
	</dos-cl9>
	<dos-cl10>
		<Name>ARP</Name>
		<Order>10</Order>
		<TrafficClass>3</TrafficClass>
		<Prio>3</Prio>
		<Interface>br-lan</Interface>
		<IfaceCat>0</IfaceCat>
		<QInterface>lo</QInterface>
		<IngressGrp>3</IngressGrp>
		<Ethertype>0x0806</Ethertype>
		<CPUpacket>1</CPUpacket>
	</dos-cl10>
<!--
	<portcfg1>
		<Name>wmm_port_0</Name>
		<Interface>wlan0</Interface>
		<shaper_en>1</shaper_en>
		<pir>1000000</pir>
		<cir>1000000</cir>
		<cbs>8000</burst>
		<pbs>8000</burst>
		<shaper_mode>1</shaper_mode>
	</portcfg1>
	<portcfg2>
		<Name>wmm_port_1</Name>
		<Interface>wlan2</Interface>
		<shaper_en>1</shaper_en>
		<pir>1000000</pir>
		<cir>1000000</cir>
		<cbs>8000</burst>
		<pbs>8000</burst>
		<shaper_mode>1</shaper_mode>
	</portcfg2>
-->
</qos>
